<?xml version="1.0" encoding="UTF-8"?>
<GenRun Id="impl_1" LaunchPart="xc7a100tcsg324-1" LaunchTime="1710334309">
  <File Type="ROUTE-PWR" Name="design_2_wrapper_power_routed.rpt"/>
  <File Type="PA-TCL" Name="design_2_wrapper.tcl"/>
  <File Type="ROUTE-PWR-SUM" Name="design_2_wrapper_power_summary_routed.pb"/>
  <File Type="REPORTS-TCL" Name="design_2_wrapper_reports.tcl"/>
  <File Type="BITSTR-MSK" Name="design_2_wrapper.msk"/>
  <File Type="ROUTE-CLK" Name="design_2_wrapper_clock_utilization_routed.rpt"/>
  <File Type="RDI-RDI" Name="design_2_wrapper.vdi"/>
  <File Type="POSTROUTE-PHYSOPT-BUS-SKEW-PB" Name="design_2_wrapper_bus_skew_postroute_physopted.pb"/>
  <File Type="BG-BIT" Name="design_2_wrapper.bit"/>
  <File Type="BG-DRC" Name="design_2_wrapper.drc"/>
  <File Type="BG-BGN" Name="design_2_wrapper.bgn"/>
  <File Type="BG-BIN" Name="design_2_wrapper.bin"/>
  <File Type="BITSTR-RBT" Name="design_2_wrapper.rbt"/>
  <File Type="BITSTR-NKY" Name="design_2_wrapper.nky"/>
  <File Type="BITSTR-BMM" Name="design_2_wrapper_bd.bmm"/>
  <File Type="BITSTR-MMI" Name="design_2_wrapper.mmi"/>
  <File Type="ROUTE-METHODOLOGY-DRC" Name="design_2_wrapper_methodology_drc_routed.rpt"/>
  <File Type="BITSTR-SYSDEF" Name="design_2_wrapper.sysdef"/>
  <File Type="ROUTE-METHODOLOGY-DRC-PB" Name="design_2_wrapper_methodology_drc_routed.pb"/>
  <File Type="BITSTR-LTX" Name="debug_nets.ltx"/>
  <File Type="BITSTR-LTX" Name="design_2_wrapper.ltx"/>
  <File Type="WBT-USG" Name="usage_statistics_webtalk.html"/>
  <File Type="NPI_FILE" Name="design_2_wrapper.npi"/>
  <File Type="OPT-DRC" Name="design_2_wrapper_drc_opted.rpt"/>
  <File Type="RBD_FILE" Name="design_2_wrapper.rbd"/>
  <File Type="OPT-HWDEF" Name="design_2_wrapper.hwdef"/>
  <File Type="PLACE-IO" Name="design_2_wrapper_io_placed.rpt"/>
  <File Type="PLACE-UTIL" Name="design_2_wrapper_utilization_placed.rpt"/>
  <File Type="PLACE-UTIL-PB" Name="design_2_wrapper_utilization_placed.pb"/>
  <File Type="PLACE-CTRL" Name="design_2_wrapper_control_sets_placed.rpt"/>
  <File Type="ROUTE-RQS" Name="design_2_wrapper_routed.rqs"/>
  <File Type="PLACE-PRE-SIMILARITY" Name="design_2_wrapper_incremental_reuse_pre_placed.rpt"/>
  <File Type="POSTROUTE-PHYSOPT-RQS" Name="design_2_wrapper_postroute_physopted.rqs"/>
  <File Type="ROUTE-DRC" Name="design_2_wrapper_drc_routed.rpt"/>
  <File Type="ROUTE-DRC-PB" Name="design_2_wrapper_drc_routed.pb"/>
  <File Type="ROUTE-PWR-RPX" Name="design_2_wrapper_power_routed.rpx"/>
  <File Type="ROUTE-STATUS" Name="design_2_wrapper_route_status.rpt"/>
  <File Type="ROUTE-STATUS-PB" Name="design_2_wrapper_route_status.pb"/>
  <File Type="ROUTE-DCP" Name="design_2_wrapper_routed.dcp"/>
  <File Type="ROUTE-ERROR-DCP" Name="design_2_wrapper_routed_error.dcp"/>
  <File Type="ROUTE-BLACKBOX-DCP" Name="design_2_wrapper_routed_bb.dcp"/>
  <File Type="ROUTE-TIMINGSUMMARY" Name="design_2_wrapper_timing_summary_routed.rpt"/>
  <File Type="ROUTE-TIMING-PB" Name="design_2_wrapper_timing_summary_routed.pb"/>
  <File Type="ROUTE-TIMING-RPX" Name="design_2_wrapper_timing_summary_routed.rpx"/>
  <File Type="ROUTE-SIMILARITY" Name="design_2_wrapper_incremental_reuse_routed.rpt"/>
  <File Type="ROUTE-BUS-SKEW" Name="design_2_wrapper_bus_skew_routed.rpt"/>
  <File Type="ROUTE-BUS-SKEW-PB" Name="design_2_wrapper_bus_skew_routed.pb"/>
  <File Type="ROUTE-BUS-SKEW-RPX" Name="design_2_wrapper_bus_skew_routed.rpx"/>
  <File Type="OPT-DCP" Name="design_2_wrapper_opt.dcp"/>
  <File Type="PLACE-DCP" Name="design_2_wrapper_placed.dcp"/>
  <File Type="PWROPT-DCP" Name="design_2_wrapper_pwropt.dcp"/>
  <File Type="POSTPLACE-PWROPT-DCP" Name="design_2_wrapper_postplace_pwropt.dcp"/>
  <File Type="PHYSOPT-DCP" Name="design_2_wrapper_physopt.dcp"/>
  <File Type="POSTROUTE-PHYSOPT-DCP" Name="design_2_wrapper_postroute_physopt.dcp"/>
  <File Type="POSTROUTE-PHYSOPT-BLACKBOX-DCP" Name="design_2_wrapper_postroute_physopt_bb.dcp"/>
  <File Type="POSTROUTE-PHYSOPT-TIMING" Name="design_2_wrapper_timing_summary_postroute_physopted.rpt"/>
  <File Type="POSTROUTE-PHYSOPT-TIMING-PB" Name="design_2_wrapper_timing_summary_postroute_physopted.pb"/>
  <File Type="POSTROUTE-PHYSOPT-TIMING-RPX" Name="design_2_wrapper_timing_summary_postroute_physopted.rpx"/>
  <File Type="POSTROUTE-PHYSOPT-BUS-SKEW" Name="design_2_wrapper_bus_skew_postroute_physopted.rpt"/>
  <File Type="POSTROUTE-PHYSOPT-BUS-SKEW-RPX" Name="design_2_wrapper_bus_skew_postroute_physopted.rpx"/>
  <File Type="ROUTE-DRC-RPX" Name="design_2_wrapper_drc_routed.rpx"/>
  <File Type="ROUTE-METHODOLOGY-DRC-RPX" Name="design_2_wrapper_methodology_drc_routed.rpx"/>
  <File Type="PDI-FILE" Name="design_2_wrapper.pdi"/>
  <File Type="RCFI_FILE" Name="design_2_wrapper.rcfi"/>
  <File Type="CFI_FILE" Name="design_2_wrapper.cfi"/>
  <File Type="RNPI_FILE" Name="design_2_wrapper.rnpi"/>
  <File Type="ROUTE-RQS-RPT" Name="route_report_qor_suggestions_0.rpt"/>
  <File Type="POSTROUTE-PHYSOPT-RQS-RPT" Name="postroute_physopt_report_qor_suggestions_0.rpt"/>
  <FileSet Name="sources" Type="DesignSrcs" RelSrcDir="$PSRCDIR/sources_1" RelGenDir="$PGENDIR/sources_1">
    <Filter Type="Srcs"/>
    <File Path="$PSRCDIR/sources_1/new/bin2bcd_0.v">
      <FileInfo>
        <Attr Name="ImportPath" Val="$PPRDIR/../lab3_324CB.ip_user_files/lab3_324CB.srcs/sources_1/new/bin2bcd_0.v"/>
        <Attr Name="ImportTime" Val="1711532072"/>
        <Attr Name="UsedIn" Val="synthesis"/>
        <Attr Name="UsedIn" Val="implementation"/>
        <Attr Name="UsedIn" Val="simulation"/>
      </FileInfo>
    </File>
    <File Path="$PSRCDIR/sources_1/new/divizor_ceas.v">
      <FileInfo>
        <Attr Name="ImportPath" Val="$PPRDIR/../lab3_324CB.ip_user_files/lab3_324CB.srcs/sources_1/new/divizor_ceas.v"/>
        <Attr Name="ImportTime" Val="1711532072"/>
        <Attr Name="UsedIn" Val="synthesis"/>
        <Attr Name="UsedIn" Val="implementation"/>
        <Attr Name="UsedIn" Val="simulation"/>
      </FileInfo>
    </File>
    <File Path="$PSRCDIR/sources_1/new/numarator_59_0.v">
      <FileInfo>
        <Attr Name="ImportPath" Val="$PPRDIR/../lab3_324CB.ip_user_files/lab3_324CB.srcs/sources_1/new/numarator_59_0.v"/>
        <Attr Name="ImportTime" Val="1711532072"/>
        <Attr Name="UsedIn" Val="synthesis"/>
        <Attr Name="UsedIn" Val="implementation"/>
        <Attr Name="UsedIn" Val="simulation"/>
      </FileInfo>
    </File>
    <File Path="$PSRCDIR/sources_1/new/afisare_7seg_0.v">
      <FileInfo>
        <Attr Name="ImportPath" Val="$PPRDIR/../lab3_324CB.ip_user_files/lab3_324CB.srcs/sources_1/new/afisare_7seg_0.v"/>
        <Attr Name="ImportTime" Val="1711532072"/>
        <Attr Name="UsedIn" Val="synthesis"/>
        <Attr Name="UsedIn" Val="implementation"/>
        <Attr Name="UsedIn" Val="simulation"/>
      </FileInfo>
    </File>
    <File Path="$PSRCDIR/sources_1/bd/design_2/design_2.bd">
      <FileInfo>
        <Attr Name="ImportPath" Val="$PPRDIR/../lab3_324CB.ip_user_files/lab3_324CB.srcs/sources_1/bd/design_2/design_2.bd"/>
        <Attr Name="ImportTime" Val="1728490244"/>
        <Attr Name="UsedIn" Val="synthesis"/>
        <Attr Name="UsedIn" Val="implementation"/>
        <Attr Name="UsedIn" Val="simulation"/>
      </FileInfo>
    </File>
    <File Path="$PGENDIR/sources_1/bd/design_2/hdl/design_2_wrapper.v">
      <FileInfo>
        <Attr Name="ImportPath" Val="$PPRDIR/../lab3_324CB.ip_user_files/lab3_324CB.gen/sources_1/bd/design_2/hdl/design_2_wrapper.v"/>
        <Attr Name="ImportTime" Val="1711532058"/>
        <Attr Name="UsedIn" Val="synthesis"/>
        <Attr Name="UsedIn" Val="implementation"/>
        <Attr Name="UsedIn" Val="simulation"/>
      </FileInfo>
    </File>
    <File Path="$PSRCDIR/sources_1/bd/cronometru/cronometru.bd">
      <FileInfo>
        <Attr Name="AutoDisabled" Val="1"/>
        <Attr Name="ImportPath" Val="$PPRDIR/../lab3_324CB.ip_user_files/lab3_324CB.srcs/sources_1/bd/cronometru/cronometru.bd"/>
        <Attr Name="ImportTime" Val="1728490244"/>
        <Attr Name="UsedIn" Val="synthesis"/>
        <Attr Name="UsedIn" Val="implementation"/>
        <Attr Name="UsedIn" Val="simulation"/>
      </FileInfo>
    </File>
    <Config>
      <Option Name="DesignMode" Val="RTL"/>
      <Option Name="TopModule" Val="design_2_wrapper"/>
      <Option Name="TopAutoSet" Val="TRUE"/>
    </Config>
  </FileSet>
  <FileSet Name="constrs_in" Type="Constrs" RelSrcDir="$PSRCDIR/constrs_1">
    <Filter Type="Constrs"/>
    <File Path="$PSRCDIR/constrs_1/imports/Desktop/Nexys4DDR_Master.xdc">
      <FileInfo>
        <Attr Name="ImportPath" Val="$PPRDIR/../../../Desktop/Nexys4DDR_Master.xdc"/>
        <Attr Name="ImportTime" Val="1680081043"/>
        <Attr Name="UsedIn" Val="synthesis"/>
        <Attr Name="UsedIn" Val="implementation"/>
      </FileInfo>
    </File>
    <Config>
      <Option Name="ConstrsType" Val="XDC"/>
    </Config>
  </FileSet>
  <FileSet Name="utils" Type="Utils" RelSrcDir="$PSRCDIR/utils_1">
    <Filter Type="Utils"/>
    <File Path="$PSRCDIR/utils_1/imports/synth_1/design_2_wrapper.dcp">
      <FileInfo>
        <Attr Name="ImportPath" Val="$PPRDIR/../lab3_324CB.ip_user_files/lab3_324CB.srcs/utils_1/imports/synth_1/design_2_wrapper.dcp"/>
        <Attr Name="ImportTime" Val="1711532072"/>
        <Attr Name="UsedIn" Val="synthesis"/>
        <Attr Name="UsedIn" Val="implementation"/>
        <Attr Name="UsedInSteps" Val="synth_1"/>
        <Attr Name="AutoDcp" Val="1"/>
      </FileInfo>
    </File>
    <Config>
      <Option Name="TopAutoSet" Val="TRUE"/>
    </Config>
  </FileSet>
  <Strategy Version="1" Minor="2">
    <StratHandle Name="Vivado Implementation Defaults" Flow="Vivado Implementation 2022"/>
    <Step Id="init_design"/>
    <Step Id="opt_design"/>
    <Step Id="power_opt_design"/>
    <Step Id="place_design"/>
    <Step Id="post_place_power_opt_design"/>
    <Step Id="phys_opt_design"/>
    <Step Id="route_design"/>
    <Step Id="post_route_phys_opt_design"/>
    <Step Id="write_bitstream"/>
    <Step Id="write_device_image"/>
  </Strategy>
  <BlockFileSet Type="BlockSrcs" Name="design_2_bin2bcd_0_0_0"/>
  <BlockFileSet Type="BlockSrcs" Name="design_2_divizor_ceas_0_0"/>
  <BlockFileSet Type="BlockSrcs" Name="design_2_bin2bcd_0_1_0"/>
  <BlockFileSet Type="BlockSrcs" Name="design_2_numarator_59_0_1_0"/>
  <BlockFileSet Type="BlockSrcs" Name="design_2_numarator_59_0_0_0"/>
  <BlockFileSet Type="BlockSrcs" Name="design_2_afisare_7seg_0_0_0"/>
</GenRun>
