<?xml version="1.0" encoding="UTF-8"?>
<GenRun Id="synth_1" LaunchPart="xc7a100tcsg324-1" LaunchTime="1710334309" LaunchIncrCheckpoint="$PSRCDIR/utils_1/imports/synth_1/design_2_wrapper.dcp">
  <File Type="PA-TCL" Name="design_2_wrapper.tcl"/>
  <File Type="REPORTS-TCL" Name="design_2_wrapper_reports.tcl"/>
  <File Type="RDS-RDS" Name="design_2_wrapper.vds"/>
  <File Type="RDS-UTIL" Name="design_2_wrapper_utilization_synth.rpt"/>
  <File Type="RDS-UTIL-PB" Name="design_2_wrapper_utilization_synth.pb"/>
  <File Type="RDS-DCP" Name="design_2_wrapper.dcp"/>
  <FileSet Name="sources" Type="DesignSrcs" RelSrcDir="$PSRCDIR/sources_1" RelGenDir="$PGENDIR/sources_1">
    <Filter Type="Srcs"/>
    <File Path="$PSRCDIR/sources_1/new/bin2bcd_0.v">
      <FileInfo>
        <Attr Name="ImportPath" Val="$PPRDIR/../lab3_324CB.ip_user_files/lab3_324CB.srcs/sources_1/new/bin2bcd_0.v"/>
        <Attr Name="ImportTime" Val="1711532072"/>
        <Attr Name="UsedIn" Val="synthesis"/>
        <Attr Name="UsedIn" Val="implementation"/>
        <Attr Name="UsedIn" Val="simulation"/>
      </FileInfo>
    </File>
    <File Path="$PSRCDIR/sources_1/new/divizor_ceas.v">
      <FileInfo>
        <Attr Name="ImportPath" Val="$PPRDIR/../lab3_324CB.ip_user_files/lab3_324CB.srcs/sources_1/new/divizor_ceas.v"/>
        <Attr Name="ImportTime" Val="1711532072"/>
        <Attr Name="UsedIn" Val="synthesis"/>
        <Attr Name="UsedIn" Val="implementation"/>
        <Attr Name="UsedIn" Val="simulation"/>
      </FileInfo>
    </File>
    <File Path="$PSRCDIR/sources_1/new/numarator_59_0.v">
      <FileInfo>
        <Attr Name="ImportPath" Val="$PPRDIR/../lab3_324CB.ip_user_files/lab3_324CB.srcs/sources_1/new/numarator_59_0.v"/>
        <Attr Name="ImportTime" Val="1711532072"/>
        <Attr Name="UsedIn" Val="synthesis"/>
        <Attr Name="UsedIn" Val="implementation"/>
        <Attr Name="UsedIn" Val="simulation"/>
      </FileInfo>
    </File>
    <File Path="$PSRCDIR/sources_1/new/afisare_7seg_0.v">
      <FileInfo>
        <Attr Name="ImportPath" Val="$PPRDIR/../lab3_324CB.ip_user_files/lab3_324CB.srcs/sources_1/new/afisare_7seg_0.v"/>
        <Attr Name="ImportTime" Val="1711532072"/>
        <Attr Name="UsedIn" Val="synthesis"/>
        <Attr Name="UsedIn" Val="implementation"/>
        <Attr Name="UsedIn" Val="simulation"/>
      </FileInfo>
    </File>
    <File Path="$PSRCDIR/sources_1/bd/design_2/design_2.bd">
      <FileInfo>
        <Attr Name="ImportPath" Val="$PPRDIR/../lab3_324CB.ip_user_files/lab3_324CB.srcs/sources_1/bd/design_2/design_2.bd"/>
        <Attr Name="ImportTime" Val="1728490244"/>
        <Attr Name="UsedIn" Val="synthesis"/>
        <Attr Name="UsedIn" Val="implementation"/>
        <Attr Name="UsedIn" Val="simulation"/>
      </FileInfo>
    </File>
    <File Path="$PGENDIR/sources_1/bd/design_2/hdl/design_2_wrapper.v">
      <FileInfo>
        <Attr Name="ImportPath" Val="$PPRDIR/../lab3_324CB.ip_user_files/lab3_324CB.gen/sources_1/bd/design_2/hdl/design_2_wrapper.v"/>
        <Attr Name="ImportTime" Val="1711532058"/>
        <Attr Name="UsedIn" Val="synthesis"/>
        <Attr Name="UsedIn" Val="implementation"/>
        <Attr Name="UsedIn" Val="simulation"/>
      </FileInfo>
    </File>
    <File Path="$PSRCDIR/sources_1/bd/cronometru/cronometru.bd">
      <FileInfo>
        <Attr Name="AutoDisabled" Val="1"/>
        <Attr Name="ImportPath" Val="$PPRDIR/../lab3_324CB.ip_user_files/lab3_324CB.srcs/sources_1/bd/cronometru/cronometru.bd"/>
        <Attr Name="ImportTime" Val="1728490244"/>
        <Attr Name="UsedIn" Val="synthesis"/>
        <Attr Name="UsedIn" Val="implementation"/>
        <Attr Name="UsedIn" Val="simulation"/>
      </FileInfo>
    </File>
    <Config>
      <Option Name="DesignMode" Val="RTL"/>
      <Option Name="TopModule" Val="design_2_wrapper"/>
      <Option Name="TopAutoSet" Val="TRUE"/>
    </Config>
  </FileSet>
  <FileSet Name="constrs_in" Type="Constrs" RelSrcDir="$PSRCDIR/constrs_1">
    <Filter Type="Constrs"/>
    <File Path="$PSRCDIR/constrs_1/imports/Desktop/Nexys4DDR_Master.xdc">
      <FileInfo>
        <Attr Name="ImportPath" Val="$PPRDIR/../../../Desktop/Nexys4DDR_Master.xdc"/>
        <Attr Name="ImportTime" Val="1680081043"/>
        <Attr Name="UsedIn" Val="synthesis"/>
        <Attr Name="UsedIn" Val="implementation"/>
      </FileInfo>
    </File>
    <Config>
      <Option Name="ConstrsType" Val="XDC"/>
    </Config>
  </FileSet>
  <FileSet Name="utils" Type="Utils" RelSrcDir="$PSRCDIR/utils_1">
    <Filter Type="Utils"/>
    <File Path="$PSRCDIR/utils_1/imports/synth_1/design_2_wrapper.dcp">
      <FileInfo>
        <Attr Name="ImportPath" Val="$PPRDIR/../lab3_324CB.ip_user_files/lab3_324CB.srcs/utils_1/imports/synth_1/design_2_wrapper.dcp"/>
        <Attr Name="ImportTime" Val="1711532072"/>
        <Attr Name="UsedIn" Val="synthesis"/>
        <Attr Name="UsedIn" Val="implementation"/>
        <Attr Name="UsedInSteps" Val="synth_1"/>
        <Attr Name="AutoDcp" Val="1"/>
      </FileInfo>
    </File>
    <Config>
      <Option Name="TopAutoSet" Val="TRUE"/>
    </Config>
  </FileSet>
  <Strategy Version="1" Minor="2">
    <StratHandle Name="Vivado Synthesis Defaults" Flow="Vivado Synthesis 2022"/>
    <Step Id="synth_design"/>
  </Strategy>
  <BlockFileSet Type="BlockSrcs" Name="design_2_bin2bcd_0_0_0"/>
  <BlockFileSet Type="BlockSrcs" Name="design_2_divizor_ceas_0_0"/>
  <BlockFileSet Type="BlockSrcs" Name="design_2_bin2bcd_0_1_0"/>
  <BlockFileSet Type="BlockSrcs" Name="design_2_numarator_59_0_1_0"/>
  <BlockFileSet Type="BlockSrcs" Name="design_2_numarator_59_0_0_0"/>
  <BlockFileSet Type="BlockSrcs" Name="design_2_afisare_7seg_0_0_0"/>
</GenRun>
