﻿1. Se citește un numar intreg n si un vector cu n elemente, numere naturale. Afișați în ordine crescătoare valorile prime din vector.,
2. Se citește un numar intreg n si un vector cu n elemente, numere naturale. Ordonați descrescător cele n numere după numărul lor de divizori.
3. Se citește un numar intreg n si un vector cu n elemente, numere naturale. De asemenea, se citeste si un numar natural k.
Sa se ordoneze crescător primele k elemente ale vectorului și descrescător ultimele n-k elemente.,,
4. Se citește un numar intreg n si un vector cu n elemente, numere naturale. Calculați suma elementelor din secvența determinată,
 de primul și ultimul element impar.
5. Se dau n numere naturale. Stergeti elementul de la pozitia k in vectorul dat.
Ex: n = 6, v = [1, 2, 3, 4, 6, 5], k = 4 => [1, 2, 3, 4, 5].
6. Se afiseaza elementele de pe pozitiile pare ale unui vector, dupa care, pe o linie noua, cele de pe pozitii impare.
Ex: n = 6, v = [1, 2, 3, 4, 6, 5] => [1, 3, 6]
                                     
					[2, 4, 5]

7. Aplicati o functie pe fiecare element al unui vector dat. (elementele sunt numere intregi, la fel si rezultatele).

Functia va fi data ca si un numar de la 0 la 4:	
0 - incrementare
1 - inmultire cu 2
2 - impartire la 2
3 - ridicare la patrat
4 - radical	

Ex: n = 5, v = [1, 2, 3, 4, 5] si k=2 se va afisa [2, 4, 6, 8, 10].
    
    n = 5, v = [1, 2, 3, 4, 5] si k=3 se va afisa [1, 4, 9, 16, 25].

