<?xml version="1.0" encoding="UTF-8"?>
<GenRun Id="design_2_numarator_59_0_1_0_synth_1" LaunchPart="xc7a100tcsg324-1" LaunchTime="1680084414">
  <File Type="PA-TCL" Name="design_2_numarator_59_0_1_0.tcl"/>
  <File Type="REPORTS-TCL" Name="design_2_numarator_59_0_1_0_reports.tcl"/>
  <File Type="RDS-RDS" Name="design_2_numarator_59_0_1_0.vds"/>
  <File Type="RDS-UTIL" Name="design_2_numarator_59_0_1_0_utilization_synth.rpt"/>
  <File Type="RDS-UTIL-PB" Name="design_2_numarator_59_0_1_0_utilization_synth.pb"/>
  <File Type="RDS-DCP" Name="design_2_numarator_59_0_1_0.dcp"/>
  <FileSet Name="sources" Type="BlockSrcs" RelSrcDir="$PSRCDIR/design_2_numarator_59_0_1_0">
    <File Path="$PSRCDIR/sources_1/bd/design_2/ip/design_2_numarator_59_0_1_0/design_2_numarator_59_0_1_0.xci">
      <FileInfo>
        <Attr Name="Library" Val="xil_defaultlib"/>
        <Attr Name="ImportPath" Val="$PPRDIR/../lab3_324CB.ip_user_files/lab3_324CB.srcs/sources_1/bd/design_2/ip/design_2_numarator_59_0_1_0/design_2_numarator_59_0_1_0.xci"/>
        <Attr Name="ImportTime" Val="1728490244"/>
        <Attr Name="UsedIn" Val="synthesis"/>
        <Attr Name="UsedIn" Val="implementation"/>
        <Attr Name="UsedIn" Val="simulation"/>
      </FileInfo>
    </File>
    <Config>
      <Option Name="TopModule" Val="design_2_numarator_59_0_1_0"/>
      <Option Name="UseBlackboxStub" Val="1"/>
    </Config>
  </FileSet>
  <FileSet Name="constrs_in" Type="BlockSrcs" RelSrcDir="$PSRCDIR/design_2_numarator_59_0_1_0">
    <File Path="$PSRCDIR/sources_1/bd/design_2/ip/design_2_numarator_59_0_1_0/design_2_numarator_59_0_1_0.xci">
      <FileInfo>
        <Attr Name="Library" Val="xil_defaultlib"/>
        <Attr Name="ImportPath" Val="$PPRDIR/../lab3_324CB.ip_user_files/lab3_324CB.srcs/sources_1/bd/design_2/ip/design_2_numarator_59_0_1_0/design_2_numarator_59_0_1_0.xci"/>
        <Attr Name="ImportTime" Val="1728490244"/>
        <Attr Name="UsedIn" Val="synthesis"/>
        <Attr Name="UsedIn" Val="implementation"/>
        <Attr Name="UsedIn" Val="simulation"/>
      </FileInfo>
    </File>
    <Config>
      <Option Name="TopModule" Val="design_2_numarator_59_0_1_0"/>
      <Option Name="UseBlackboxStub" Val="1"/>
    </Config>
  </FileSet>
  <FileSet Name="utils" Type="Utils" RelSrcDir="$PSRCDIR/utils_1">
    <Filter Type="Utils"/>
    <File Path="$PSRCDIR/utils_1/imports/synth_1/design_2_wrapper.dcp">
      <FileInfo>
        <Attr Name="ImportPath" Val="$PPRDIR/../lab3_324CB.ip_user_files/lab3_324CB.srcs/utils_1/imports/synth_1/design_2_wrapper.dcp"/>
        <Attr Name="ImportTime" Val="1711532072"/>
        <Attr Name="UsedIn" Val="synthesis"/>
        <Attr Name="UsedIn" Val="implementation"/>
        <Attr Name="UsedInSteps" Val="synth_1"/>
        <Attr Name="AutoDcp" Val="1"/>
      </FileInfo>
    </File>
    <Config>
      <Option Name="TopAutoSet" Val="TRUE"/>
    </Config>
  </FileSet>
  <Strategy Version="1" Minor="2">
    <StratHandle Name="Vivado Synthesis Defaults" Flow="Vivado Synthesis 2022"/>
    <Step Id="synth_design"/>
  </Strategy>
</GenRun>
